category,journal,author_guidelines_seed_url
"General / Internal Medicine; Broad / High-Impact Medicine","New England Journal of Medicine (NEJM)",https://www.nejm.org/author-center/home
"General / Internal Medicine; Broad / High-Impact Medicine",The Lancet,https://www.thelancet.com/for-authors
"General / Internal Medicine; Broad / High-Impact Medicine",JAMA,https://jamanetwork.com/journals/jama/pages/instructions-for-authors
"General / Internal Medicine; Broad / High-Impact Medicine",The BMJ,https://www.bmj.com/about-bmj/resources-authors/article-types
"General / Internal Medicine; Broad / High-Impact Medicine",Nature Medicine,https://www.nature.com/nm/submission-guidelines
"General / Internal Medicine; Broad / High-Impact Medicine",Annals of Internal Medicine,https://www.acpjournals.org/journal/aim/authors
"General / Internal Medicine",JAMA Internal Medicine,https://jamanetwork.com/journals/jamainternalmedicine/pages/instructions-for-authors
"General / Internal Medicine; Broad / High-Impact Medicine",PLOS Medicine,https://journals.plos.org/plosmedicine/s/submission-guidelines
"General / Internal Medicine; Broad / High-Impact Medicine",BMC Medicine,https://bmcmedicine.biomedcentral.com/submission-guidelines
"General / Internal Medicine; Broad / High-Impact Medicine",eClinicalMedicine,https://www.sciencedirect.com/journal/eclinicalmedicine/publish/guide-for-authors
"General / Internal Medicine; Broad / High-Impact Medicine",JAMA Network Open,https://jamanetwork.com/journals/jamanetworkopen/pages/instructions-for-authors
"General / Internal Medicine",Mayo Clinic Proceedings,https://www.sciencedirect.com/journal/mayo-clinic-proceedings/publish/guide-for-authors
"General / Internal Medicine",The American Journal of Medicine,https://www.sciencedirect.com/journal/the-american-journal-of-medicine/publish/guide-for-authors
"General / Internal Medicine",Journal of General Internal Medicine,https://link.springer.com/journal/11606/submission-guidelines
"General / Internal Medicine",Journal of Internal Medicine,https://onlinelibrary.wiley.com/page/journal/13652796/homepage/forauthors.html
"General / Internal Medicine",European Journal of Internal Medicine,https://www.sciencedirect.com/journal/european-journal-of-internal-medicine/publish/guide-for-authors
"General / Internal Medicine",QJM: An International Journal of Medicine,https://academic.oup.com/qjmed/pages/instructions_to_authors
"General / Internal Medicine",BMJ Open,https://bmjopen.bmj.com/pages/authors
"General / Internal Medicine",CMAJ,https://www.cmaj.ca/content/authors
"General / Internal Medicine",Medicine,https://journals.lww.com/md-journal/pages/informationforauthors.aspx
"Broad / High-Impact Medicine",Cell Reports Medicine,https://www.cell.com/cell-reports-medicine/authors
"Broad / High-Impact Medicine",Med,https://www.cell.com/med/authors
"Broad / High-Impact Medicine",Nature Communications,https://www.nature.com/ncomms/submit
"Broad / High-Impact Medicine",Science Translational Medicine,https://www.science.org/content/page/instructions-preparing-initial-manuscript
"Broad / High-Impact Medicine",The Lancet Digital Health,https://www.sciencedirect.com/journal/the-lancet-digital-health/publish/guide-for-authors
"Broad / High-Impact Medicine; Public Health / Epidemiology",The Lancet Global Health,https://www.sciencedirect.com/journal/the-lancet-global-health/publish/guide-for-authors
"Broad / High-Impact Medicine",npj Digital Medicine,https://www.nature.com/npjdigitalmed/submission-guidelines
"Broad / High-Impact Medicine",The Lancet Regional Health - Americas,https://www.sciencedirect.com/journal/the-lancet-regional-health-americas/publish/guide-for-authors
"Broad / High-Impact Medicine",The Lancet Regional Health - Europe,https://www.sciencedirect.com/journal/the-lancet-regional-health-europe/publish/guide-for-authors
"Broad / High-Impact Medicine",Scientific Reports,https://www.nature.com/srep/author-instructions
"Gastroenterology / Hepatology",Gut,https://gut.bmj.com/pages/authors
"Gastroenterology / Hepatology",Gastroenterology,https://www.sciencedirect.com/journal/gastroenterology/publish/guide-for-authors
"Gastroenterology / Hepatology",The Lancet Gastroenterology & Hepatology,https://www.sciencedirect.com/journal/the-lancet-gastroenterology-and-hepatology/publish/guide-for-authors
"Gastroenterology / Hepatology",Hepatology,https://journals.lww.com/hep/pages/informationforauthors.aspx
"Gastroenterology / Hepatology",Journal of Hepatology,https://www.sciencedirect.com/journal/journal-of-hepatology/publish/guide-for-authors
"Gastroenterology / Hepatology",Clinical Gastroenterology and Hepatology,https://www.sciencedirect.com/journal/clinical-gastroenterology-and-hepatology/publish/guide-for-authors
"Gastroenterology / Hepatology",American Journal of Gastroenterology,https://journals.lww.com/ajg/pages/informationforauthors.aspx
"Gastroenterology / Hepatology",Alimentary Pharmacology & Therapeutics,https://onlinelibrary.wiley.com/page/journal/13652036/homepage/forauthors.html
"Gastroenterology / Hepatology",Journal of Crohn's and Colitis,https://academic.oup.com/ecco-jcc/pages/general_instructions
"Gastroenterology / Hepatology",Endoscopy,https://www.thieme.de/de/endoscopy/author-instructions-120251.htm
"Gastroenterology / Hepatology",Gastrointestinal Endoscopy,https://www.sciencedirect.com/journal/gastrointestinal-endoscopy/publish/guide-for-authors
"Gastroenterology / Hepatology",United European Gastroenterology Journal,https://onlinelibrary.wiley.com/page/journal/20506414/homepage/author-guidelines
"Gastroenterology / Hepatology",Liver International,https://onlinelibrary.wiley.com/page/journal/14783231/homepage/forauthors.html
"Gastroenterology / Hepatology",Clinical and Translational Gastroenterology,https://journals.lww.com/ctg/pages/informationforauthors.aspx
"Gastroenterology / Hepatology",Digestive and Liver Disease,https://www.sciencedirect.com/journal/digestive-and-liver-disease/publish/guide-for-authors
"Gastroenterology / Hepatology",Neurogastroenterology & Motility,https://onlinelibrary.wiley.com/page/journal/13652982/homepage/forauthors.html
"Gastroenterology / Hepatology",Inflammatory Bowel Diseases,https://academic.oup.com/ibdjournal/pages/general_instructions
"Gastroenterology / Hepatology",Diseases of the Colon & Rectum,https://journals.lww.com/dcrjournal/pages/informationforauthors.aspx
"Gastroenterology / Hepatology",Gastro Hep Advances,https://www.sciencedirect.com/journal/gastro-hep-advances/publish/guide-for-authors
"Gastroenterology / Hepatology",BMC Gastroenterology,https://bmcgastroenterol.biomedcentral.com/submission-guidelines
"Diabetes / Endocrinology / Metabolism",The Lancet Diabetes & Endocrinology,https://www.sciencedirect.com/journal/the-lancet-diabetes-and-endocrinology/publish/guide-for-authors
"Diabetes / Endocrinology / Metabolism",Nature Reviews Endocrinology,https://www.nature.com/nrendo/for-authors
"Diabetes / Endocrinology / Metabolism",Diabetes Care,https://diabetesjournals.org/care/pages/instructions-for-authors
"Diabetes / Endocrinology / Metabolism",Diabetologia,https://link.springer.com/journal/125/submission-guidelines
"Diabetes / Endocrinology / Metabolism",Diabetes,https://diabetesjournals.org/diabetes/pages/instructions-for-authors
"Diabetes / Endocrinology / Metabolism",Journal of Clinical Endocrinology & Metabolism,https://academic.oup.com/jcem/pages/General_Instructions
"Diabetes / Endocrinology / Metabolism","Diabetes, Obesity and Metabolism",https://dom-pubs.onlinelibrary.wiley.com/hub/journal/14631326/homepage/forauthors.html
"Diabetes / Endocrinology / Metabolism",Obesity,https://onlinelibrary.wiley.com/page/journal/1930739x/homepage/forauthors.html
"Diabetes / Endocrinology / Metabolism",Obesity Reviews,https://onlinelibrary.wiley.com/page/journal/1467789x/homepage/forauthors.html
"Diabetes / Endocrinology / Metabolism",Endocrine Reviews,https://academic.oup.com/edrv/pages/General_Instructions
"Diabetes / Endocrinology / Metabolism",Journal of the Endocrine Society,https://academic.oup.com/jes/pages/General_Instructions
"Diabetes / Endocrinology / Metabolism",Cardiovascular Diabetology,https://cardiab.biomedcentral.com/submission-guidelines
"Diabetes / Endocrinology / Metabolism",BMJ Open Diabetes Research & Care,https://drc.bmj.com/pages/authors
"Diabetes / Endocrinology / Metabolism",Diabetes Research and Clinical Practice,https://www.sciencedirect.com/journal/diabetes-research-and-clinical-practice/publish/guide-for-authors
"Diabetes / Endocrinology / Metabolism","Nutrition, Metabolism and Cardiovascular Diseases",https://www.sciencedirect.com/journal/nutrition-metabolism-and-cardiovascular-diseases/publish/guide-for-authors
"Diabetes / Endocrinology / Metabolism",Metabolism: Clinical and Experimental,https://www.sciencedirect.com/journal/metabolism/publish/guide-for-authors
"Diabetes / Endocrinology / Metabolism",Clinical Endocrinology,https://onlinelibrary.wiley.com/page/journal/13652265/homepage/forauthors.html
"Diabetes / Endocrinology / Metabolism",Journal of Diabetes and its Complications,https://www.sciencedirect.com/journal/journal-of-diabetes-and-its-complications/publish/guide-for-authors
"Diabetes / Endocrinology / Metabolism",Endocrine Practice,https://www.sciencedirect.com/journal/endocrine-practice/publish/guide-for-authors
"Diabetes / Endocrinology / Metabolism",BMC Endocrine Disorders,https://bmcendocrdisord.biomedcentral.com/submission-guidelines
"Cardiology / Cardiovascular Medicine",European Heart Journal,https://academic.oup.com/eurheartj/pages/General_Instructions
"Cardiology / Cardiovascular Medicine",Journal of the American College of Cardiology (JACC),https://www.jacc.org/author-center
"Cardiology / Cardiovascular Medicine",Circulation,https://www.ahajournals.org/circ/author-instructions
"Cardiology / Cardiovascular Medicine",Nature Reviews Cardiology,https://www.nature.com/nrcardio/for-authors
"Cardiology / Cardiovascular Medicine",JAMA Cardiology,https://jamanetwork.com/journals/jamacardiology/pages/instructions-for-authors
"Cardiology / Cardiovascular Medicine",European Journal of Heart Failure,https://onlinelibrary.wiley.com/page/journal/18790844/homepage/forauthors.html
"Cardiology / Cardiovascular Medicine",Circulation Research,https://www.ahajournals.org/res/author-instructions
"Cardiology / Cardiovascular Medicine",JACC: Heart Failure,https://www.jacc.org/journal/heart-failure/author-center
"Cardiology / Cardiovascular Medicine",JACC: Cardiovascular Imaging,https://www.jacc.org/journal/cardiovascular-imaging/author-center
"Cardiology / Cardiovascular Medicine",JACC: Cardiovascular Interventions,https://www.jacc.org/journal/cardiovascular-interventions/author-center
"Cardiology / Cardiovascular Medicine",European Heart Journal - Cardiovascular Imaging,https://academic.oup.com/ehjcimaging/pages/General_Instructions
"Cardiology / Cardiovascular Medicine",Heart,https://heart.bmj.com/pages/authors
"Cardiology / Cardiovascular Medicine",Journal of the American Heart Association (JAHA),https://www.ahajournals.org/jaha/author-instructions
"Cardiology / Cardiovascular Medicine",Hypertension,https://www.ahajournals.org/hyp/author-instructions
"Cardiology / Cardiovascular Medicine",Stroke,https://www.ahajournals.org/str/author-instructions
"Cardiology / Cardiovascular Medicine",Atherosclerosis,https://www.sciencedirect.com/journal/atherosclerosis/publish/guide-for-authors
"Cardiology / Cardiovascular Medicine",American Heart Journal,https://www.sciencedirect.com/journal/american-heart-journal/publish/guide-for-authors
"Cardiology / Cardiovascular Medicine",International Journal of Cardiology,https://www.sciencedirect.com/journal/international-journal-of-cardiology/publish/guide-for-authors
"Cardiology / Cardiovascular Medicine",ESC Heart Failure,https://onlinelibrary.wiley.com/page/journal/20555822/homepage/forauthors.html
"Cardiology / Cardiovascular Medicine",Cardiovascular Research,https://academic.oup.com/cardiovascres/pages/General_Instructions
"Public Health / Epidemiology",The Lancet Public Health,https://www.sciencedirect.com/journal/the-lancet-public-health/publish/guide-for-authors
"Public Health / Epidemiology",American Journal of Public Health,https://ajph.aphapublications.org/authorinstructions
"Public Health / Epidemiology",International Journal of Epidemiology,https://academic.oup.com/ije/pages/General_Instructions
"Public Health / Epidemiology",European Journal of Epidemiology,https://link.springer.com/journal/10654/submission-guidelines
"Public Health / Epidemiology",Epidemiology,https://journals.lww.com/epidem/pages/informationforauthors.aspx
"Public Health / Epidemiology",Journal of Epidemiology & Community Health,https://jech.bmj.com/pages/authors
"Public Health / Epidemiology",BMC Public Health,https://bmcpublichealth.biomedcentral.com/submission-guidelines
"Public Health / Epidemiology",Bulletin of the World Health Organization,https://www.who.int/publications/journals/bulletin/contributors/guidelines-for-contributors
"Public Health / Epidemiology",Annual Review of Public Health,https://www.annualreviews.org/page/authors/author-instructions
"Public Health / Epidemiology",European Journal of Public Health,https://academic.oup.com/eurpub/pages/General_Instructions
"Public Health / Epidemiology",Preventive Medicine,https://www.sciencedirect.com/journal/preventive-medicine/publish/guide-for-authors
"Public Health / Epidemiology",SSM - Population Health,https://www.sciencedirect.com/journal/ssm-population-health/publish/guide-for-authors
"Public Health / Epidemiology",Social Science & Medicine,https://www.sciencedirect.com/journal/social-science-and-medicine/publish/guide-for-authors
"Public Health / Epidemiology",Journal of Public Health,https://academic.oup.com/jpubhealth/pages/General_Instructions
"Public Health / Epidemiology",Public Health,https://www.sciencedirect.com/journal/public-health/publish/guide-for-authors
"Public Health / Epidemiology",Globalization and Health,https://globalizationandhealth.biomedcentral.com/submission-guidelines
"Public Health / Epidemiology",Health & Place,https://www.sciencedirect.com/journal/health-and-place/publish/guide-for-authors
"Public Health / Epidemiology",Population Health Metrics,https://pophealthmetrics.biomedcentral.com/submission-guidelines
"Public Health / Epidemiology",BMJ Global Health,https://gh.bmj.com/pages/authors
